category,keyword
Grains,basmati rice grocery packet
Grains,wheat flour atta packet
Grains,aashirvaad atta packet
Grains,maida flour packet
Grains,rava sooji packet
Grains,oats packet
Grains,poha packet
Grains,dalia packet
Grains,brown rice packet
Grains,jowar flour packet
Grains,bajra flour packet
Grains,barley packet
Grains,corn flour packet
Grains,quinoa packet
Grains,organic rice packet
Grains,idli rice packet
Grains,dosa rice packet
Grains,long grain rice packet
Grains,short grain rice packet
Grains,whole wheat grain

Pulses,toor dal packet
Pulses,moong dal packet
Pulses,masoor dal packet
Pulses,chana dal packet
Pulses,urad dal packet
Pulses,rajma packet
Pulses,kabuli chana packet
Pulses,black chana packet
Pulses,green peas packet
Pulses,soybean packet
Pulses,horse gram packet
Pulses,lobia black eyed beans
Pulses,white peas packet
Pulses,moth beans packet
Pulses,moong whole packet
Pulses,urad whole packet
Pulses,masoor whole packet
Pulses,chickpeas packet
Pulses,kidney beans packet
Pulses,lentils mix packet

Oils,sunflower oil bottle
Oils,fortune oil bottle
Oils,saffola oil bottle
Oils,groundnut oil bottle
Oils,mustard oil bottle
Oils,coconut oil bottle
Oils,rice bran oil bottle
Oils,olive oil bottle
Oils,soybean oil bottle
Oils,gingelly oil bottle
Oils,palm oil bottle
Oils,cooking oil pouch
Oils,refined oil bottle
Oils,organic oil bottle
Oils,extra virgin olive oil
Oils,cold pressed oil bottle
Oils,corn oil bottle
Oils,canola oil bottle
Oils,vegetable oil bottle
Oils,blended oil bottle

Dairy,amul milk packet
Dairy,amul butter packet
Dairy,amul ghee jar
Dairy,amul cheese slice
Dairy,paneer packet
Dairy,curd dahi cup
Dairy,buttermilk packet
Dairy,cream packet
Dairy,flavoured milk bottle
Dairy,condensed milk tin
Dairy,cheese block packet
Dairy,cheese spread jar
Dairy,yogurt cup
Dairy,lassi bottle
Dairy,skimmed milk packet
Dairy,full cream milk packet
Dairy,fresh cream pack
Dairy,whipping cream pack
Dairy,butter milk tetra pack
Dairy,khoya mawa packet

Spices,turmeric powder packet
Spices,red chilli powder packet
Spices,coriander powder packet
Spices,garam masala packet
Spices,kitchen king masala
Spices,cumin seeds jeera
Spices,mustard seeds rai
Spices,black pepper whole
Spices,cloves laung
Spices,green cardamom
Spices,cinnamon sticks
Spices,bay leaf tej patta
Spices,fennel seeds saunf
Spices,asafoetida hing
Spices,chat masala packet
Spices,sambar masala
Spices,rasam powder
Spices,pav bhaji masala
Spices,chicken masala
Spices,meat masala

Snacks,parle g biscuit packet
Snacks,britannia good day biscuit
Snacks,marie biscuit packet
Snacks,cream biscuit packet
Snacks,potato chips packet
Snacks,banana chips packet
Snacks,namkeen mixture packet
Snacks,sev bhujia packet
Snacks,khakhra packet
Snacks,peanut chikki
Snacks,roasted peanuts packet
Snacks,popcorn packet
Snacks,makhana fox nuts
Snacks,cheese balls snack
Snacks,tortilla chips packet
Snacks,kurkure packet
Snacks,namkeen sev packet
Snacks,aloo bhujia packet
Snacks,mathri packet
Snacks,salted cashews

Beverages,tea powder packet
Beverages,coffee powder jar
Beverages,green tea box
Beverages,fruit juice tetra pack
Beverages,soft drink bottle
Beverages,energy drink can
Beverages,health drink powder
Beverages,lemon drink bottle
Beverages,iced tea bottle
Beverages,milkshake bottle
Beverages,cold coffee bottle
Beverages,hot chocolate powder
Beverages,herbal tea box
Beverages,black tea packet
Beverages,filter coffee powder
Beverages,instant coffee sachet
Beverages,fruit squash bottle
Beverages,coconut water bottle
Beverages,protein drink bottle
Beverages,flavoured water bottle

PersonalCare,soap bar packet
PersonalCare,shampoo bottle
PersonalCare,conditioner bottle
PersonalCare,toothpaste tube
PersonalCare,toothbrush pack
PersonalCare,face wash tube
PersonalCare,hand wash bottle
PersonalCare,hair oil bottle
PersonalCare,body lotion bottle
PersonalCare,face cream jar
PersonalCare,talcum powder
PersonalCare,shaving cream tube
PersonalCare,razor pack
PersonalCare,sanitary napkin pack
PersonalCare,hand sanitizer bottle
PersonalCare,perfume deodorant spray
PersonalCare,baby soap packet
PersonalCare,baby shampoo bottle
PersonalCare,baby lotion bottle
PersonalCare,hair gel tube

HomeCare,detergent powder packet
HomeCare,detergent liquid bottle
HomeCare,dishwash liquid bottle
HomeCare,floor cleaner bottle
HomeCare,toilet cleaner bottle
HomeCare,phenyl floor cleaner
HomeCare,mosquito repellent
HomeCare,room freshener spray
HomeCare,glass cleaner spray
HomeCare,fabric softener bottle
HomeCare,washing bar soap
HomeCare,scrub pad packet
HomeCare,garbage bags roll
HomeCare,insect killer spray
HomeCare,bleach liquid bottle
HomeCare,air freshener refill
HomeCare,dishwash bar soap
HomeCare,toilet freshener block
HomeCare,cleaning gloves
HomeCare,mop cleaner liquid
